Course Title,Level,Slug,Lesson #,Lesson Title,Duration (mins),Lesson Description
"BA1 – Fundamentals of Business Economics",certificate,ba1-business-economics,1,"Introduction to National Income",45,"Understanding GDP and GNP definitions, measurement methods, and the circular flow of income model."
"BA1 – Fundamentals of Business Economics",certificate,ba1-business-economics,2,"Economic Growth and Development",40,"Exploring factors driving economic growth, business cycle phases, and interpreting growth rate data."
"BA1 – Fundamentals of Business Economics",certificate,ba1-business-economics,3,"Inflation and Unemployment",50,"Types of inflation, measuring inflation (CPI, RPI), the Phillips curve relationship."
"BA1 – Fundamentals of Business Economics",certificate,ba1-business-economics,4,"Fiscal and Monetary Policy",45,"Government taxation and spending tools, central bank interest rate decisions, quantitative easing."
"BA1 – Fundamentals of Business Economics",certificate,ba1-business-economics,5,"Institutions and International Organizations",35,"Role of government, central banks, IMF, World Bank, and WTO."
"BA1 – Fundamentals of Business Economics",certificate,ba1-business-economics,6,"Goals and Governance of Organizations",40,"Stakeholder theory, corporate governance principles, agency theory and conflicts."
"BA1 – Fundamentals of Business Economics",certificate,ba1-business-economics,7,"Supply and Demand Fundamentals",45,"Law of demand and supply, equilibrium price determination."
"BA1 – Fundamentals of Business Economics",certificate,ba1-business-economics,8,"Price Elasticity of Demand",50,"Calculating PED, elastic vs inelastic goods, revenue implications."
"BA1 – Fundamentals of Business Economics",certificate,ba1-business-economics,9,"Other Elasticities (YED, XED, PES)",40,"Income elasticity, cross elasticity, and price elasticity of supply."
"BA1 – Fundamentals of Business Economics",certificate,ba1-business-economics,10,"Costs, Revenue, and Profit Maximization",55,"Fixed, variable, total costs. Marginal cost and revenue analysis."
"BA1 – Fundamentals of Business Economics",certificate,ba1-business-economics,11,"Market Structures",50,"Perfect competition, monopoly, monopolistic competition, and oligopoly."
"BA1 – Fundamentals of Business Economics",certificate,ba1-business-economics,12,"Data Collection Methods",40,"Primary vs secondary data, sampling techniques, questionnaire design."
"BA1 – Fundamentals of Business Economics",certificate,ba1-business-economics,13,"Data Analysis and Presentation",45,"Measures of central tendency and dispersion, data visualization."
"BA1 – Fundamentals of Business Economics",certificate,ba1-business-economics,14,"Forecasting Techniques",50,"Time series analysis, moving averages, regression analysis basics."
"BA1 – Fundamentals of Business Economics",certificate,ba1-business-economics,15,"Big Data and Business Analytics",35,"Big data characteristics (3Vs), applications in business decision-making."
"BA1 – Fundamentals of Business Economics",certificate,ba1-business-economics,16,"Financial Markets and Institutions",45,"Money markets vs capital markets, role of banks and financial intermediaries."
"BA1 – Fundamentals of Business Economics",certificate,ba1-business-economics,17,"Foreign Exchange and International Trade",50,"Exchange rate systems, factors affecting exchange rates, balance of payments."
"BA1 – Fundamentals of Business Economics",certificate,ba1-business-economics,18,"Interest Rates and Business Impact",45,"Determinants of interest rates, impact on investment decisions, time value of money."
"BA2 – Fundamentals of Management Accounting",certificate,ba2-management-accounting,1,"Introduction to Management Accounting",40,"Definition, role, and scope of management accounting in organizations."
"BA2 – Fundamentals of Management Accounting",certificate,ba2-management-accounting,2,"Information for Planning and Control",35,"Types of data and information used for planning, decision-making, and control."
"BA2 – Fundamentals of Management Accounting",certificate,ba2-management-accounting,3,"Cost Classification and Behavior",50,"Cost classification including fixed, variable, direct, and indirect costs."
"BA2 – Fundamentals of Management Accounting",certificate,ba2-management-accounting,4,"Absorption Costing",55,"Principles of absorption costing including overhead allocation and apportionment."
"BA2 – Fundamentals of Management Accounting",certificate,ba2-management-accounting,5,"Marginal Costing",50,"Marginal costing principles and contribution analysis."
"BA2 – Fundamentals of Management Accounting",certificate,ba2-management-accounting,6,"Materials and Labor Costing",55,"Inventory valuation methods (FIFO, LIFO, weighted average) and labor costing."
"BA2 – Fundamentals of Management Accounting",certificate,ba2-management-accounting,7,"Overhead Accounting",50,"Overhead allocation, apportionment, and absorption rates."
"BA2 – Fundamentals of Management Accounting",certificate,ba2-management-accounting,8,"Cost-Volume-Profit Analysis",55,"CVP analysis including break-even, margin of safety, and target profit."
"BA2 – Fundamentals of Management Accounting",certificate,ba2-management-accounting,9,"Budget Preparation Fundamentals",50,"Budgeting process and functional budgets."
"BA2 – Fundamentals of Management Accounting",certificate,ba2-management-accounting,10,"Cash Budgets and Forecasting",45,"Cash budgets and cash flow forecasting techniques."
"BA2 – Fundamentals of Management Accounting",certificate,ba2-management-accounting,11,"Standard Costing Fundamentals",45,"Purpose and setting of standard costs."
"BA2 – Fundamentals of Management Accounting",certificate,ba2-management-accounting,12,"Variance Analysis",60,"Calculate and interpret material, labor, and overhead variances."
"BA2 – Fundamentals of Management Accounting",certificate,ba2-management-accounting,13,"Relevant Costs for Decision-Making",50,"Relevant costs including opportunity costs, sunk costs, and committed costs."
"BA2 – Fundamentals of Management Accounting",certificate,ba2-management-accounting,14,"Make-or-Buy and Pricing Decisions",55,"Decision-making for make-or-buy, special orders, and pricing strategies."
"BA2 – Fundamentals of Management Accounting",certificate,ba2-management-accounting,15,"Limiting Factor Analysis",50,"Limiting factor analysis including single and multiple constraints."
"BA2 – Fundamentals of Management Accounting",certificate,ba2-management-accounting,16,"Performance Measurement Indicators",45,"Financial and non-financial performance indicators, balanced scorecard."
"BA2 – Fundamentals of Management Accounting",certificate,ba2-management-accounting,17,"Responsibility Accounting",50,"Responsibility centers including cost, profit, and investment centers."
"BA2 – Fundamentals of Management Accounting",certificate,ba2-management-accounting,18,"Integrated Decision-Making",45,"Applying management accounting techniques to complex business scenarios."
"BA3 – Fundamentals of Financial Accounting",certificate,ba3-financial-accounting,1,"Purpose and Scope of Financial Accounting",35,"Objectives of financial accounting and its role for external stakeholders."
"BA3 – Fundamentals of Financial Accounting",certificate,ba3-financial-accounting,2,"Fundamental Accounting Principles",40,"Core accounting concepts including accruals, going concern, consistency, prudence."
"BA3 – Fundamentals of Financial Accounting",certificate,ba3-financial-accounting,3,"Regulatory Frameworks and Standards",35,"Role of IFRS, IASB, and national regulators in setting accounting standards."
"BA3 – Fundamentals of Financial Accounting",certificate,ba3-financial-accounting,4,"Double-Entry Bookkeeping",55,"Principles of double-entry including debits, credits, and the accounting equation."
"BA3 – Fundamentals of Financial Accounting",certificate,ba3-financial-accounting,5,"Books of Prime Entry",50,"Sales, purchases, cash, and returns day books."
"BA3 – Fundamentals of Financial Accounting",certificate,ba3-financial-accounting,6,"Control Accounts and Reconciliations",50,"Sales and purchases ledger control accounts and bank reconciliations."
"BA3 – Fundamentals of Financial Accounting",certificate,ba3-financial-accounting,7,"Accruals and Prepayments",45,"Accrued and prepaid expenses, matching principle and period-end adjustments."
"BA3 – Fundamentals of Financial Accounting",certificate,ba3-financial-accounting,8,"Depreciation Methods",50,"Straight-line and reducing balance depreciation methods."
"BA3 – Fundamentals of Financial Accounting",certificate,ba3-financial-accounting,9,"Bad Debts and Allowances",45,"Bad debts written off and provisions for doubtful debts."
"BA3 – Fundamentals of Financial Accounting",certificate,ba3-financial-accounting,10,"Inventory Valuation",50,"Inventory valuation methods including FIFO, LIFO, and weighted average."
"BA3 – Fundamentals of Financial Accounting",certificate,ba3-financial-accounting,11,"Non-Current Assets",55,"Acquisition, depreciation, revaluation, and disposal of non-current assets."
"BA3 – Fundamentals of Financial Accounting",certificate,ba3-financial-accounting,12,"Trial Balance and Error Correction",50,"Extracting trial balances, identifying errors, and correcting journal entries."
"BA3 – Fundamentals of Financial Accounting",certificate,ba3-financial-accounting,13,"Income Statement Preparation",55,"Preparing income statements for sole traders."
"BA3 – Fundamentals of Financial Accounting",certificate,ba3-financial-accounting,14,"Statement of Financial Position",55,"Preparing balance sheets for sole traders."
"BA3 – Fundamentals of Financial Accounting",certificate,ba3-financial-accounting,15,"Year-End Adjustments",50,"Comprehensive year-end adjustments in financial statement preparation."
"BA3 – Fundamentals of Financial Accounting",certificate,ba3-financial-accounting,16,"Introduction to Ratio Analysis",45,"Key financial ratios including profitability, liquidity, and efficiency."
"BA3 – Fundamentals of Financial Accounting",certificate,ba3-financial-accounting,17,"Interpreting Financial Statements",45,"Analyzing financial statements to assess performance and position."
"BA3 – Fundamentals of Financial Accounting",certificate,ba3-financial-accounting,18,"Limitations of Financial Analysis",35,"Limitations of ratio analysis and qualitative factors."
"BA4 – Fundamentals of Ethics, Corporate Governance and Business Law",certificate,ba4-ethics-governance-law,1,"Introduction to Business Ethics",40,"Definition and importance of ethics in business."
"BA4 – Fundamentals of Ethics, Corporate Governance and Business Law",certificate,ba4-ethics-governance-law,2,"Ethical Theories and Frameworks",50,"Deontology, consequentialism, virtue ethics, and decision-making frameworks."
"BA4 – Fundamentals of Ethics, Corporate Governance and Business Law",certificate,ba4-ethics-governance-law,3,"CIMA Code of Ethics",45,"Integrity, objectivity, professional competence, confidentiality, professional behavior."
"BA4 – Fundamentals of Ethics, Corporate Governance and Business Law",certificate,ba4-ethics-governance-law,4,"Ethical Issues and Dilemmas",50,"Conflicts of interest, whistleblowing, bribery, and CSR."
"BA4 – Fundamentals of Ethics, Corporate Governance and Business Law",certificate,ba4-ethics-governance-law,5,"Principles of Corporate Governance",40,"Objectives and principles of good corporate governance."
"BA4 – Fundamentals of Ethics, Corporate Governance and Business Law",certificate,ba4-ethics-governance-law,6,"Boards, Directors and Stakeholders",45,"Board structures, executive and non-executive directors."
"BA4 – Fundamentals of Ethics, Corporate Governance and Business Law",certificate,ba4-ethics-governance-law,7,"Sources and Systems of Law",40,"Statute, common law, equity, and legal system comparisons."
"BA4 – Fundamentals of Ethics, Corporate Governance and Business Law",certificate,ba4-ethics-governance-law,8,"Dispute Resolution",35,"Courts, tribunals, arbitration, and alternative dispute resolution."
"BA4 – Fundamentals of Ethics, Corporate Governance and Business Law",certificate,ba4-ethics-governance-law,9,"Formation of Contracts",50,"Offer, acceptance, consideration, and intention to create legal relations."
"BA4 – Fundamentals of Ethics, Corporate Governance and Business Law",certificate,ba4-ethics-governance-law,10,"Terms of Contracts",45,"Express and implied terms, conditions, warranties, exclusion clauses."
"BA4 – Fundamentals of Ethics, Corporate Governance and Business Law",certificate,ba4-ethics-governance-law,11,"Breach and Remedies",45,"Types of breach and remedies including damages and specific performance."
"BA4 – Fundamentals of Ethics, Corporate Governance and Business Law",certificate,ba4-ethics-governance-law,12,"Employment Contracts",45,"Formation of employment contracts and employee vs contractor distinction."
"BA4 – Fundamentals of Ethics, Corporate Governance and Business Law",certificate,ba4-ethics-governance-law,13,"Employee Rights and Protections",50,"Unfair dismissal, redundancy, discrimination, health and safety."
"BA4 – Fundamentals of Ethics, Corporate Governance and Business Law",certificate,ba4-ethics-governance-law,14,"Tort Law and Negligence",45,"Negligence, duty of care, breach, and damages."
"BA4 – Fundamentals of Ethics, Corporate Governance and Business Law",certificate,ba4-ethics-governance-law,15,"Business Structures",40,"Sole traders, partnerships, and companies."
"BA4 – Fundamentals of Ethics, Corporate Governance and Business Law",certificate,ba4-ethics-governance-law,16,"Data Protection and GDPR",45,"Data protection principles and GDPR requirements."
"E1 – Managing Finance in a Digital World",operational,e1-managing-finance,1,"Introduction to Digital Finance",25,"Digital transformation in finance and its impact on business operations."
"E1 – Managing Finance in a Digital World",operational,e1-managing-finance,2,"Information Systems and Technology",30,"Information systems, components, and role in modern finance."
"E1 – Managing Finance in a Digital World",operational,e1-managing-finance,3,"Data Analytics for Finance",35,"Data analytics concepts and tools in financial decision-making."
"E1 – Managing Finance in a Digital World",operational,e1-managing-finance,4,"Cloud Computing and Finance",28,"Cloud technologies and their applications in financial operations."
"E1 – Managing Finance in a Digital World",operational,e1-managing-finance,5,"Cybersecurity Fundamentals",32,"Essential cybersecurity principles for protecting financial data."
"E1 – Managing Finance in a Digital World",operational,e1-managing-finance,6,"Blockchain and Distributed Ledgers",30,"Blockchain technology and its financial applications."
"E1 – Managing Finance in a Digital World",operational,e1-managing-finance,7,"Artificial Intelligence in Finance",35,"AI and machine learning applications in financial management."
"E1 – Managing Finance in a Digital World",operational,e1-managing-finance,8,"Digital Transformation Strategy",28,"Developing digital transformation strategies in finance."
"E1 – Managing Finance in a Digital World",operational,e1-managing-finance,9,"Robotic Process Automation",25,"RPA and its role in automating financial processes."
"E1 – Managing Finance in a Digital World",operational,e1-managing-finance,10,"E-Commerce and Digital Payments",30,"Digital payment systems and e-commerce finance."
"E1 – Managing Finance in a Digital World",operational,e1-managing-finance,11,"Big Data in Financial Decision Making",32,"Big data for strategic financial analysis and planning."
"E1 – Managing Finance in a Digital World",operational,e1-managing-finance,12,"IT Governance and Controls",28,"IT governance frameworks and internal controls."
"E1 – Managing Finance in a Digital World",operational,e1-managing-finance,13,"Digital Risk Management",30,"Risks associated with digital finance technologies."
"E1 – Managing Finance in a Digital World",operational,e1-managing-finance,14,"Change Management in Digital Finance",25,"Organizational change during digital transformation."
"E1 – Managing Finance in a Digital World",operational,e1-managing-finance,15,"Exam Preparation and Review",40,"Comprehensive review and exam preparation strategies."
"E2 – Managing Performance",management,e2-managing-performance,1,"Understanding Industry and Competition",50,"Competitive environment analysis using Porter Five Forces."
"E2 – Managing Performance",management,e2-managing-performance,2,"Strategic Analysis Tools",55,"SWOT, PESTLE, and value chain analysis."
"E2 – Managing Performance",management,e2-managing-performance,3,"Market Analysis and Positioning",45,"Markets, customer segments, and competitive positioning."
"E2 – Managing Performance",management,e2-managing-performance,4,"Mission, Vision, and Objectives",45,"Mission and vision statements translated into strategic objectives."
"E2 – Managing Performance",management,e2-managing-performance,5,"Competitive and Corporate Strategy",55,"Cost leadership, differentiation, focus, and corporate strategies."
"E2 – Managing Performance",management,e2-managing-performance,6,"Strategic Planning and Implementation",50,"Strategic planning processes and implementation approaches."
"E2 – Managing Performance",management,e2-managing-performance,7,"Project Management Fundamentals",50,"Project management including initiation, planning, execution, monitoring."
"E2 – Managing Performance",management,e2-managing-performance,8,"Project Tools and Techniques",50,"Gantt charts, network diagrams, critical path analysis."
"E2 – Managing Performance",management,e2-managing-performance,9,"Leading Teams and Individuals",45,"Leadership skills, motivation theories, performance management."
"E2 – Managing Performance",management,e2-managing-performance,10,"Change Management",50,"Change management models and techniques."
"E2 – Managing Performance",management,e2-managing-performance,11,"Managing Conflict and Communication",40,"Conflict resolution and stakeholder communication."
"E2 – Managing Performance",management,e2-managing-performance,12,"Performance Measurement Systems",55,"KPIs and balanced scorecards."
"E2 – Managing Performance",management,e2-managing-performance,13,"Budgetary Control",50,"Flexible budgets, variance analysis, management by exception."
"E2 – Managing Performance",management,e2-managing-performance,14,"Quality Management",45,"TQM, Six Sigma, and continuous improvement."
"E3 – Strategic Management",strategic,e3-strategic-management,1,"Analyzing the Business Environment",50,"Environmental analysis frameworks for macro and micro factors."
"E3 – Strategic Management",strategic,e3-strategic-management,2,"Stakeholder Management",45,"Stakeholder identification, analysis, and management strategies."
"E3 – Strategic Management",strategic,e3-strategic-management,3,"Corporate Responsibility and Ethics",45,"CSR and ethics in strategic management."
"E3 – Strategic Management",strategic,e3-strategic-management,4,"Strategic Capability Analysis",50,"Organizational resources, capabilities, and core competencies."
"E3 – Strategic Management",strategic,e3-strategic-management,5,"Business Level Strategy",55,"Competitive advantage using Porter generic strategies."
"E3 – Strategic Management",strategic,e3-strategic-management,6,"Corporate Level Strategy",50,"Diversification, vertical integration, portfolio management."
"E3 – Strategic Management",strategic,e3-strategic-management,7,"International Strategy",50,"International expansion strategies and entry modes."
"E3 – Strategic Management",strategic,e3-strategic-management,8,"Organizational Structure and Design",50,"Organizational structures aligned with strategy."
"E3 – Strategic Management",strategic,e3-strategic-management,9,"Strategic Change Management",55,"Leading strategic change and overcoming barriers."
"E3 – Strategic Management",strategic,e3-strategic-management,10,"Digital Business and Transformation",50,"Digital technologies for strategic advantage."
"E3 – Strategic Management",strategic,e3-strategic-management,11,"Mergers, Acquisitions and Alliances",55,"M&A opportunities, strategic alliances, integration challenges."
"E3 – Strategic Management",strategic,e3-strategic-management,12,"Strategic Risk Identification",45,"Risk identification tools and categorization."
"E3 – Strategic Management",strategic,e3-strategic-management,13,"Risk Assessment and Prioritization",45,"Risk matrices and risk appetite."
"E3 – Strategic Management",strategic,e3-strategic-management,14,"Risk Response and Governance",50,"Risk response strategies and governance frameworks."
"F1 – Financial Reporting",operational,f1-financial-reporting,1,"Financial Reporting Regulatory Framework",40,"Regulatory environment including IFRS and IASB."
"F1 – Financial Reporting",operational,f1-financial-reporting,2,"Conceptual Framework for Financial Reporting",45,"IASB Conceptual Framework including objectives and qualitative characteristics."
"F1 – Financial Reporting",operational,f1-financial-reporting,3,"Statement of Financial Position (IAS 1)",55,"Preparing statements of financial position per IAS 1."
"F1 – Financial Reporting",operational,f1-financial-reporting,4,"Statement of Profit or Loss (IAS 1)",50,"Comprehensive income statements and revenue recognition."
"F1 – Financial Reporting",operational,f1-financial-reporting,5,"Statement of Cash Flows (IAS 7)",55,"Cash flows using direct and indirect methods."
"F1 – Financial Reporting",operational,f1-financial-reporting,6,"Property, Plant and Equipment (IAS 16)",50,"Recognition, measurement, depreciation under IAS 16."
"F1 – Financial Reporting",operational,f1-financial-reporting,7,"Intangible Assets (IAS 38)",50,"Intangible asset recognition, measurement, and amortization."
"F1 – Financial Reporting",operational,f1-financial-reporting,8,"Inventories (IAS 2)",45,"Inventory valuation including cost formulas and NRV."
"F1 – Financial Reporting",operational,f1-financial-reporting,9,"Provisions and Contingencies (IAS 37)",50,"Provisions, contingent liabilities, and contingent assets."
"F1 – Financial Reporting",operational,f1-financial-reporting,10,"Revenue Recognition (IFRS 15)",55,"Five-step revenue recognition model."
"F1 – Financial Reporting",operational,f1-financial-reporting,11,"Leases (IFRS 16)",55,"Right-of-use assets and lease liabilities."
"F1 – Financial Reporting",operational,f1-financial-reporting,12,"Consolidated Financial Statements Introduction",50,"Principles of consolidation under IFRS 10."
"F1 – Financial Reporting",operational,f1-financial-reporting,13,"Consolidation Procedures",55,"Elimination of intra-group transactions and unrealized profits."
"F1 – Financial Reporting",operational,f1-financial-reporting,14,"Goodwill and Non-Controlling Interests",55,"Goodwill on acquisition and non-controlling interests."
"F1 – Financial Reporting",operational,f1-financial-reporting,15,"Associates and Joint Ventures (IAS 28)",50,"Equity method for associates and joint ventures."
"F1 – Financial Reporting",operational,f1-financial-reporting,16,"Financial Statement Analysis",50,"Ratio analysis, trend analysis, and comparative techniques."
"F2 – Advanced Financial Reporting",management,f2-advanced-financial-reporting,1,"Equity Finance and Capital Markets",50,"Equity financing options including IPOs, rights issues, share buybacks."
"F2 – Advanced Financial Reporting",management,f2-advanced-financial-reporting,2,"Debt Finance and Financial Instruments",55,"Debt financing including bonds, loans, and hybrid instruments."
"F2 – Advanced Financial Reporting",management,f2-advanced-financial-reporting,3,"Capital Structure Decisions",50,"Optimal capital structure, Modigliani-Miller, trade-off theory."
"F2 – Advanced Financial Reporting",management,f2-advanced-financial-reporting,4,"Complex Group Structures",60,"Sub-subsidiaries, mid-year acquisitions, ownership changes."
"F2 – Advanced Financial Reporting",management,f2-advanced-financial-reporting,5,"Foreign Currency Translation (IAS 21)",55,"Foreign currency transactions and translation."
"F2 – Advanced Financial Reporting",management,f2-advanced-financial-reporting,6,"Financial Instruments (IFRS 9)",60,"Classification, measurement, and hedge accounting."
"F2 – Advanced Financial Reporting",management,f2-advanced-financial-reporting,7,"Impairment of Assets (IAS 36)",50,"Impairment testing of tangible and intangible assets."
"F2 – Advanced Financial Reporting",management,f2-advanced-financial-reporting,8,"Share-Based Payment (IFRS 2)",50,"Equity and cash-settled share-based payments."
"F2 – Advanced Financial Reporting",management,f2-advanced-financial-reporting,9,"Employee Benefits (IAS 19)",55,"Defined benefit pension plans."
"F2 – Advanced Financial Reporting",management,f2-advanced-financial-reporting,10,"Advanced Ratio Analysis",50,"Advanced ratio analysis for comprehensive evaluation."
"F2 – Advanced Financial Reporting",management,f2-advanced-financial-reporting,11,"Cash Flow Analysis and Forecasting",50,"Cash flow forecasts for valuation and planning."
"F2 – Advanced Financial Reporting",management,f2-advanced-financial-reporting,12,"Earnings Quality and Manipulation",45,"Evaluating earnings quality and identifying manipulation."
"F2 – Advanced Financial Reporting",management,f2-advanced-financial-reporting,13,"Integrated Reporting Framework",45,"Integrated reports linking financial and non-financial performance."
"F2 – Advanced Financial Reporting",management,f2-advanced-financial-reporting,14,"Sustainability and ESG Reporting",50,"GRI, SASB, and ESG metrics."
"F2 – Advanced Financial Reporting",management,f2-advanced-financial-reporting,15,"Current and Emerging IFRS Issues",40,"Current IFRS developments and emerging issues."
"F3 – Financial Strategy",strategic,f3-financial-strategy,1,"Financial Strategy and Corporate Objectives",50,"Financial strategies aligned with corporate objectives."
"F3 – Financial Strategy",strategic,f3-financial-strategy,2,"Capital Investment Decisions",60,"NPV, IRR, and real options analysis."
"F3 – Financial Strategy",strategic,f3-financial-strategy,3,"Financing Decisions and WACC",55,"Cost of capital, WACC, and optimal capital structure."
"F3 – Financial Strategy",strategic,f3-financial-strategy,4,"Dividend Policy",45,"Dividend policy decisions and shareholder value impact."
"F3 – Financial Strategy",strategic,f3-financial-strategy,5,"Treasury Management",50,"Cash management, liquidity planning, working capital."
"F3 – Financial Strategy",strategic,f3-financial-strategy,6,"Foreign Exchange Risk Management",55,"FX exposures, hedging instruments and strategies."
"F3 – Financial Strategy",strategic,f3-financial-strategy,7,"Interest Rate Risk Management",55,"Swaps, options, and derivative instruments."
"F3 – Financial Strategy",strategic,f3-financial-strategy,8,"Financial Risk Assessment",50,"Credit risk, liquidity risk, and operational risk."
"F3 – Financial Strategy",strategic,f3-financial-strategy,9,"Valuation Methodologies",60,"DCF, multiples, and asset-based approaches."
"F3 – Financial Strategy",strategic,f3-financial-strategy,10,"Mergers and Acquisitions Valuation",55,"M&A valuation, synergy assessment, deal structuring."
"F3 – Financial Strategy",strategic,f3-financial-strategy,11,"Private Equity and Venture Capital",50,"PE and VC valuations and investment structures."
"F3 – Financial Strategy",strategic,f3-financial-strategy,12,"Corporate Restructuring",50,"Spin-offs, carve-outs, and reorganizations."
"F3 – Financial Strategy",strategic,f3-financial-strategy,13,"Business Exit Strategies",50,"Trade sales, IPOs, and management buyouts."
"F3 – Financial Strategy",strategic,f3-financial-strategy,14,"Financial Distress and Turnaround",55,"Restructuring, turnaround strategies, insolvency."
"P1 – Management Accounting",operational,p1-management-accounting,1,"Strategic Management Accounting",50,"Management accounting in strategic contexts."
"P1 – Management Accounting",operational,p1-management-accounting,2,"Competitor and Environmental Analysis",45,"Competitor analysis and environmental scanning."
"P1 – Management Accounting",operational,p1-management-accounting,3,"Value Chain and Activity-Based Analysis",50,"Value chain analysis and activity-based management."
"P1 – Management Accounting",operational,p1-management-accounting,4,"Risk Management Framework",50,"Risk management frameworks: identify, assess, respond."
"P1 – Management Accounting",operational,p1-management-accounting,5,"Internal Control Systems",50,"Internal control systems including COSO framework."
"P1 – Management Accounting",operational,p1-management-accounting,6,"Corporate Governance and Ethics",45,"Governance and ethics in management accounting."
"P1 – Management Accounting",operational,p1-management-accounting,7,"Advanced Investment Appraisal",55,"Inflation, taxation, and capital rationing."
"P1 – Management Accounting",operational,p1-management-accounting,8,"Strategic Investment Decisions",50,"Uncertainty, real options, and qualitative factors."
"P1 – Management Accounting",operational,p1-management-accounting,9,"Post-Investment Review",40,"Post-investment appraisals and lessons learned."
"P1 – Management Accounting",operational,p1-management-accounting,10,"Divisional Performance Measurement",55,"ROI, RI, and EVA for divisions."
"P1 – Management Accounting",operational,p1-management-accounting,11,"Transfer Pricing",50,"Market-based, cost-based, and negotiated transfer pricing."
"P1 – Management Accounting",operational,p1-management-accounting,12,"Non-Financial Performance Measures",50,"Non-financial performance measurement and balanced scorecard."
"P1 – Management Accounting",operational,p1-management-accounting,13,"Responsibility Center Performance",45,"Cost, revenue, profit, and investment center evaluation."
"P1 – Management Accounting",operational,p1-management-accounting,14,"Behavioral Aspects of Performance Management",45,"Behavioral implications of performance measurement and rewards."
"P2 – Advanced Management Accounting",management,p2-advanced-management-accounting,1,"Advanced Costing Techniques",55,"Activity-based costing, target costing, and lifecycle costing."
"P2 – Advanced Management Accounting",management,p2-advanced-management-accounting,2,"Environmental and Quality Costing",50,"Environmental management accounting and quality cost classification."
"P2 – Advanced Management Accounting",management,p2-advanced-management-accounting,3,"Advanced Pricing Strategies",50,"Pricing models including demand-based, competition-based, and value pricing."
"P2 – Advanced Management Accounting",management,p2-advanced-management-accounting,4,"Advanced Budgeting Methods",55,"Zero-based, rolling, and activity-based budgeting."
"P2 – Advanced Management Accounting",management,p2-advanced-management-accounting,5,"Budgeting and Behavioral Aspects",45,"Behavioral aspects of budgeting and participative approaches."
"P2 – Advanced Management Accounting",management,p2-advanced-management-accounting,6,"Advanced Variance Analysis",55,"Planning and operational variances, mix and yield variances."
"P2 – Advanced Management Accounting",management,p2-advanced-management-accounting,7,"Decision Making Under Uncertainty",50,"Decision trees, expected values, and sensitivity analysis."
"P2 – Advanced Management Accounting",management,p2-advanced-management-accounting,8,"Linear Programming",55,"Formulating and solving linear programming problems."
"P2 – Advanced Management Accounting",management,p2-advanced-management-accounting,9,"Advanced Investment Appraisal",55,"Adjusted present value, capital rationing, real options."
"P2 – Advanced Management Accounting",management,p2-advanced-management-accounting,10,"Performance Management Frameworks",50,"Balanced scorecard, performance prism, building block model."
"P2 – Advanced Management Accounting",management,p2-advanced-management-accounting,11,"Divisional Performance and EVA",55,"EVA, residual income, and divisional performance evaluation."
"P2 – Advanced Management Accounting",management,p2-advanced-management-accounting,12,"International Transfer Pricing",50,"International transfer pricing, tax implications, regulations."
"P2 – Advanced Management Accounting",management,p2-advanced-management-accounting,13,"Strategic Performance Management",50,"Integrated strategic and operational performance management."
"P3 – Risk Management",strategic,p3-risk-management,1,"Enterprise Risk Management",50,"ERM frameworks and holistic risk management approaches."
"P3 – Risk Management",strategic,p3-risk-management,2,"Risk Identification and Assessment",55,"Risk identification techniques and assessment methodologies."
"P3 – Risk Management",strategic,p3-risk-management,3,"Strategic Risk",50,"Strategic risks affecting organizational objectives."
"P3 – Risk Management",strategic,p3-risk-management,4,"Operational Risk Management",50,"Managing operational risks including process, people, and systems."
"P3 – Risk Management",strategic,p3-risk-management,5,"Financial Risk – Market and Credit",55,"Market risk, credit risk, and counterparty risk management."
"P3 – Risk Management",strategic,p3-risk-management,6,"Financial Risk – Liquidity and Currency",55,"Liquidity risk and foreign currency risk management."
"P3 – Risk Management",strategic,p3-risk-management,7,"Derivatives and Hedging",55,"Forwards, futures, options, and swaps for risk mitigation."
"P3 – Risk Management",strategic,p3-risk-management,8,"Internal Controls and Audit",50,"Internal control frameworks, internal audit, and assurance."
"P3 – Risk Management",strategic,p3-risk-management,9,"Regulatory and Compliance Risk",45,"Regulatory compliance, legal risk, and governance requirements."
"P3 – Risk Management",strategic,p3-risk-management,10,"Cyber and Technology Risk",50,"Cybersecurity risks, data protection, and technology governance."
"P3 – Risk Management",strategic,p3-risk-management,11,"Business Continuity and Crisis Management",50,"BCP, disaster recovery, and crisis management planning."
"P3 – Risk Management",strategic,p3-risk-management,12,"Risk Governance and Culture",45,"Risk-aware culture and governance structures."
"P3 – Risk Management",strategic,p3-risk-management,13,"Risk Monitoring and Reporting",50,"Risk monitoring systems and reporting to stakeholders."
"Management Case Study (MCS)",management,mcs-management-case-study,1,"Management Case Study Approach",55,"Case study approach including issue identification and analysis."
"Management Case Study (MCS)",management,mcs-management-case-study,2,"Integrating F1 Concepts",55,"F1 financial reporting concepts in case study scenarios."
"Management Case Study (MCS)",management,mcs-management-case-study,3,"Integrating F2 Concepts",55,"F2 advanced financial reporting in case study scenarios."
"Management Case Study (MCS)",management,mcs-management-case-study,4,"Integrating P1 Concepts",55,"P1 management accounting in case study scenarios."
"Management Case Study (MCS)",management,mcs-management-case-study,5,"Financial Analysis in Cases",50,"Comprehensive financial analysis in case study contexts."
"Management Case Study (MCS)",management,mcs-management-case-study,6,"Management Level Exam Techniques",45,"Exam techniques for management level case studies."
"Operational Case Study (OCS)",operational,ocs-operational-case-study,1,"Operational Case Study Approach",55,"Case study approach including scenario analysis and response planning."
"Operational Case Study (OCS)",operational,ocs-operational-case-study,2,"Integrating BA2 Concepts",50,"BA2 management accounting in case study scenarios."
"Operational Case Study (OCS)",operational,ocs-operational-case-study,3,"Integrating BA3 Concepts",50,"BA3 financial accounting in case study scenarios."
"Operational Case Study (OCS)",operational,ocs-operational-case-study,4,"Integrating BA4 Concepts",50,"BA4 ethics, governance, law in case study scenarios."
"Operational Case Study (OCS)",operational,ocs-operational-case-study,5,"Practical Business Applications",45,"Accounting and business knowledge in practical scenarios."
"Operational Case Study (OCS)",operational,ocs-operational-case-study,6,"Operational Level Exam Techniques",45,"Exam techniques for operational level case studies."
"Strategic Case Study (SCS)",strategic,scs-strategic-case-study,1,"Strategic Case Study Approach",60,"Strategic case study methodology and analysis."
"Strategic Case Study (SCS)",strategic,scs-strategic-case-study,2,"Integrating E3 Concepts",55,"E3 strategic management in case study scenarios."
"Strategic Case Study (SCS)",strategic,scs-strategic-case-study,3,"Integrating F3 Concepts",55,"F3 financial strategy in case study scenarios."
"Strategic Case Study (SCS)",strategic,scs-strategic-case-study,4,"Integrating P3 Concepts",55,"P3 risk management in case study scenarios."
"Strategic Case Study (SCS)",strategic,scs-strategic-case-study,5,"Strategic Analysis and Recommendations",50,"Strategic analysis and recommendation formulation."
"Strategic Case Study (SCS)",strategic,scs-strategic-case-study,6,"Strategic Level Exam Techniques",45,"Exam techniques for strategic level case studies."
